Tokenizer,Eval Loss,Training Time (s),Model Size (MB)
WordPiece,2.499000072479248,280.7421669960022,435.596855
BPE,4.923282623291016,1629.8912997245789,419.057187
Character,6.340235710144043,1102.7508237361908,341.995948
